;Asunción;Augusto Weberbauer;Cachachi;Celendín;Cospán;Granja Porcón;Hacienda Llagadén;Jesús Túnel;Llapa;Magdalena;Matara;Namora;Quilcate;San Juan;Sayapullo
1/01/1964;129;;;;87.8;;;;;59.3;116.4;;147;;
1/02/1964;137;;;;127;;;;;73.1;65.5;61.8;111;169;
1/03/1964;166;;;;137.8;;;;194.5;86.2;131.4;;144.5;148;
1/04/1964;145;;;109.7;103.9;;;;178.8;53.7;115.7;;136.5;141;
1/05/1964;12;;;28.8;20.3;;;;41.9;11.1;15.8;25.4;0;21;
1/06/1964;3;;41;;10.7;;;;45.8;0.2;5.2;3.8;19.4;0;
1/07/1964;7;;23.6;9.8;;;;;29.1;0;71.4;6;20;9;
1/08/1964;18;;22.9;95.4;;;;;45.9;10.5;33.2;28.4;38;15;
1/09/1964;21;;33.1;45;82.6;;;;30.1;10.8;9.7;21.2;29.5;14;
1/10/1964;66;;126.2;66.8;140.1;;;;119.5;48;91.1;87.6;61.2;101;
1/11/1964;33;;75;148.5;201;;;;69.2;22.9;74.6;67.5;58.1;52;
1/12/1964;37;;36.4;53;30.4;;;;16;21.6;29;54.3;;45;
1/01/1965;47;;65.8;56.1;50;;43;;56.4;29.7;30.9;45.4;;61;
1/02/1965;130;;;76.4;22.7;;55;;138.5;56.3;74.2;67.2;;119;
1/03/1965;270;;;217.5;207.9;;182.3;;320.7;186.2;162.7;130.2;;159.4;
1/04/1965;193;78.1;;116.6;43.2;;67.5;;127.1;63.2;107.8;70.5;;185;
1/05/1965;18;10.4;;14.5;4.5;;0;;40.9;5.2;27.8;27.6;;1.5;
1/06/1965;0;0;;0.6;0;;0;;8.2;0;1.5;0.8;;0;
1/07/1965;2;6.2;;8.4;0;;0;;7.3;2.2;16.5;4.7;55;1;
1/08/1965;0;0;11.7;2.9;14.7;;0;;3.8;0;0;7.9;5;4;
1/09/1965;16;49.2;64.6;84.3;20.4;;10.1;;58.7;30.3;75.3;45.7;72;2;
1/10/1965;55;83.6;271;97.9;68.3;;42.1;;109.1;21;100.7;103.8;136;5.8;
1/11/1965;48;66;160.8;149.4;30.9;;30.5;;59.8;19.5;52.9;51.1;123.5;4.2;
1/12/1965;107;67.9;116.8;116.9;65.3;;62.3;;110.2;38.8;122.9;85.4;135.5;12.7;
1/01/1966;125;62.7;135.8;163.5;94.6;;88.9;;123.3;59.4;119.5;39;123;13.1;
1/02/1966;150;45.9;181.3;62.7;21.4;;103;;108.8;38.2;39.4;35.2;48.5;11;
1/03/1966;101;54.5;208.5;33.3;23.5;;39.7;;87.6;36.4;72.5;24.7;107;9.8;
1/04/1966;65;47.9;224.4;60.6;20.3;;40.4;;105.5;37.4;34.4;29.2;143;80;
1/05/1966;33;40;26.7;55.1;106.7;;8.1;;38.5;8;20.9;42.7;89.7;50;
1/06/1966;9;0;4.2;21.1;0;;0;;2.4;0;3.1;3.8;18.1;0;
1/07/1966;5;0;17.7;0;0;4;0;;6;0;16;14.2;17.2;0;
1/08/1966;6;0.7;13.8;6.4;0;8.2;0;;11;0;0.5;0.5;17.8;8;
1/09/1966;28;13.1;12.3;5.8;29.1;33;9.2;;23.7;7.3;11.5;41.7;29.5;30.4;
1/10/1966;98;76.8;172.1;138.4;94.9;189;;;172.6;36;141.2;101.8;228.9;141.8;
1/11/1966;20;62.7;100.7;100.6;5.5;83;24.4;;36.1;13;39.7;43.3;98.5;32.2;
1/12/1966;4;18.7;2.2;43.1;19.8;26;11.5;;37.1;4.5;50.3;14.5;40;25.2;
1/01/1967;231;120.9;111.7;37.3;75.7;269;182.9;;294.1;112.3;140.6;137.1;146.3;241.7;
1/02/1967;328;139.5;769.1;101.6;137;290;223.1;;210.2;202.1;135.7;149;173.9;298.2;
1/03/1967;182;109.1;1474.3;96.5;167.7;216;84.3;;192.9;75.6;87.5;111.5;152;191.1;
1/04/1967;74;32.3;12.2;107.3;21.5;85;29.5;;44;7.9;54.8;39.1;27.7;38.9;
1/05/1967;35;44.1;31.3;41.4;43.8;62;19.6;;62.4;13.9;18.3;30;40.1;29.7;
1/06/1967;0;10.3;0;12.5;27.1;7;1;;9.5;0;0;4.7;27.5;5.9;
1/07/1967;14;28.4;8.1;30.7;0;30.5;16.8;;23.4;14.6;13.1;8.2;51.3;21.5;
1/08/1967;0;5.8;18.2;2.4;0;33;0;;20.5;1.5;0;6.3;16.2;3.4;
1/09/1967;4;24.9;8;13.5;0;28;0.7;;42;4.8;44.2;15.5;20.4;12.8;
1/10/1967;93;101;145.4;124.3;0;188.5;56.4;;105.5;53.2;126.7;132.5;137.8;94.6;
1/11/1967;7;17.8;97.2;103.4;0;23;0;;10.5;0;28.2;52.3;75.9;9.5;
1/12/1967;28;36.7;30.2;97.5;0;105.5;20.6;;37.9;9.1;44.4;49.1;87.4;24.9;
1/01/1968;25;58;27.6;134.4;16.6;102;52.6;;34.7;13.1;51.2;67.8;82.9;64.6;
1/02/1968;42;81;28.6;144;75.7;154.5;67.5;;70.6;33.4;118.7;68.7;95.6;80.4;
1/03/1968;40;67.7;57.7;135.4;71.2;168.5;57.5;;171.4;29.3;75.5;33.9;123.1;117.3;
1/04/1968;28;26.2;43.1;38.5;15;82.5;25.4;;18.5;11;80.7;26.5;84.5;35.5;
1/05/1968;0;14.9;7.3;17.6;3.7;22;4.1;;20.7;10.1;22;34.2;48.3;13;
1/06/1968;0;0;4;6.5;0;3;0;;0;0;0;0.3;4.2;0;
1/07/1968;0;0;5.2;4.2;0;11.5;0;;11.7;2.2;0;1.7;18.1;0.6;
1/08/1968;0;0;14.2;3.3;0;37.5;4.4;;46.8;0;18.1;17.2;35;8.2;
1/09/1968;20;0;8.3;158.8;16.4;117.5;19.5;;60.6;11.8;30.9;39.8;136.7;29.3;
1/10/1968;80;66.4;85.8;76.4;57;158.5;;;103.6;33.7;97;81;76.8;65.6;
1/11/1968;0;54.6;4;78.4;0;123;33;;68.2;12.1;19.4;12.2;47;47.6;
1/12/1968;11;70.8;37.5;84;2.3;173.5;23.7;;39.8;30.2;110.6;65.9;58.9;68.8;
1/01/1969;0;42;15.2;15.3;16.5;79.5;13.1;;130.8;6.4;32.5;21;62.3;35.9;
1/02/1969;6;68.6;51.7;126.3;29.8;176.5;88.4;;151.8;54.5;91.5;137;109.4;156.2;
1/03/1969;208;83.5;53.7;128.9;168.9;183;111.7;;247;116.8;82.6;90.4;189.9;199.6;
1/04/1969;121;85.7;1418.7;185.3;69.9;167.5;73.7;;118.5;86.4;103;83.4;217.8;107.4;
1/05/1969;0;1.5;399.2;4.7;0;18.5;2.3;;27;0;0;13.5;49.4;1.6;
1/06/1969;0;19.6;238.2;86.8;5;64;6.2;;0;2.3;26.4;16.7;101.3;18.7;
1/07/1969;0;0.3;0;1.6;0;5.5;0;;9.2;0;0;3.6;15.3;4.6;
1/08/1969;0;;0;7.5;5.1;15;1;;14.2;0;0;17.1;38.8;8.6;
1/09/1969;0;18.4;13.9;56.6;4.4;42;;;12;0;34;28;29.5;3.3;
1/10/1969;130;;182.2;213.3;24.3;105;33.7;;109.7;18.4;86.1;69.5;206.3;55.7;
1/11/1969;114;106.4;255.6;308.6;81.2;208;65.3;;70;34;117;57.5;141.8;126;
1/12/1969;238;162;160;197.9;54.3;182.5;67.8;;125.6;61.8;108.2;80;135.8;162.8;
1/01/1970;103;71;98;147.6;;107;;;166.1;34.4;106.9;56.2;154;161;
1/02/1970;53;41.8;9.3;51.1;;123.5;;;61.3;26.2;50.6;23.3;92.3;96.4;
1/03/1970;57;79.9;61.5;113.6;;140.5;92.2;;118.2;46.6;51;53.7;86.3;116.9;
1/04/1970;72;54.5;62.5;96.7;;127;;;125.3;62.7;89;52.2;188.3;124.4;
1/05/1970;17;33.8;264.7;42.4;34.3;91;0.3;;112.4;33.44;42.5;34.1;;28.8;
1/06/1970;28;19.9;39.2;20.4;18.2;33.5;15.1;;57.9;10.7;21.4;23.3;;25.1;
1/07/1970;0;3.2;3.9;11;0;22.5;0;;3.2;0;0.4;8;;2.2;
1/08/1970;19;2.5;5.6;2.8;0;25;;;7.4;1.5;5.5;0;;10.8;
1/09/1970;25;18.2;43.5;18.3;30;74;;;64.2;9.4;31.5;21.3;;28.6;
1/10/1970;97;103;164.1;91.4;68.5;122.5;65;;106.2;81.9;104.3;208.2;;115.6;
1/11/1970;59;51.4;132.2;99.3;27.9;207;40;;110.4;11;69.4;52.6;;61.4;
1/12/1970;6;54.1;;126;36.8;117.5;17.2;;118.3;27.9;114.8;94;;82.8;
1/01/1971;28;58.4;103.2;125.1;35.1;140;48.7;;67.9;25.1;69.9;31;;97.7;
1/02/1971;71;97.8;40.5;120.2;9.1;130.5;52.2;;106;60.8;121.3;35.8;;137.1;
1/03/1971;313;275.7;343.8;144.1;374.4;476.5;234.9;;424.8;204.1;257.2;132.6;285.3;357.5;
1/04/1971;84;54.7;255.2;116.6;15.3;153.5;113.8;;158.7;46.8;146.7;7.4;201.2;148.9;
1/05/1971;6;8;23;44.3;0;117.5;0;;18.6;6.2;29.2;12.5;7.8;14;
1/06/1971;0;12.2;1.8;16.4;16.7;65;13.6;;24.3;4.5;9;11.1;31.8;15.5;
1/07/1971;0;17.6;20.3;5.1;4.3;72;1.8;;18.7;0.9;5.8;19.4;8.5;4.9;
1/08/1971;21;17.2;18;16.8;0;37.5;19.2;;29.2;4.5;4.2;13.3;39.7;27.2;
1/09/1971;32;28.1;7.3;17.9;6.8;76;10;;52.1;8.2;28.6;31.6;32.5;39.3;
1/10/1971;33;89.8;36.1;131.3;40.3;220.5;46.5;;95;21.4;82.9;84.9;265.9;78.2;
1/11/1971;13;45.8;33.8;171.4;6.6;163;12.1;;78;25;81.5;24.5;77.6;34.8;
1/12/1971;42;64.9;207.2;131.5;45.3;166;40.5;;108.5;47;78.7;73.1;74.5;142.9;
1/01/1972;92;55.5;0.1;41.8;48.9;104;53.4;;66.2;40.6;68.5;9.1;123.3;81.1;
1/02/1972;120;67.6;28.4;63.7;9.6;150;96.8;;87.9;51.7;62.7;27.5;47.1;144.6;
1/03/1972;166;113.8;312.4;196.3;230.9;257;175.2;;325;109.8;175.7;105;56.3;294.6;
1/04/1972;45;76.2;174.5;184.1;3.5;149.5;33.5;;89.9;27.5;95.1;117;34.3;111;
1/05/1972;12;18.1;26.5;58.4;39.2;55.2;8.3;;75.4;10.8;39.5;25.3;26.4;37.6;
1/06/1972;0;4.4;1.2;0;0;14.5;1.8;;15.6;0.4;7.7;4.8;58;0.5;
1/07/1972;0;3.4;0;0;11.2;0;0;;1.3;0.2;0;2.6;5.9;2.3;
1/08/1972;0;20.6;4.2;21.4;24.9;47;1.5;;3.3;0;0;6.1;23.6;0;
1/09/1972;11;;45.8;66.2;44.3;;19.2;;63.9;7.4;25.7;38.8;37.2;35.7;
1/10/1972;0;31.4;152.6;31.8;23.2;29.5;15.2;;35.8;15.8;19.5;55.4;52;23.9;
1/11/1972;32;66.5;66.9;181.4;70;174.2;30.6;;40.2;26.5;64.6;54.6;111.8;47.3;
1/12/1972;0;50.2;113;89.3;107.6;119.7;62.3;;90.7;33.2;98.5;71.5;97.9;93.9;
1/01/1973;196;95.3;341.7;75.5;264.3;186.3;125;;227.5;109.3;130.2;120.1;147.9;218.4;
1/02/1973;35;70.8;95.1;49.1;115.1;103;107.7;;103.4;55.2;135.6;82.3;39.6;165.3;
1/03/1973;87;92.5;123.2;104.7;251.8;203;159.9;;256.3;89.6;100.5;54.3;158.1;298.6;
1/04/1973;224;101.6;319.8;163.1;238.5;198.3;110.3;;245;110.7;175.3;161.1;207.1;216;
1/05/1973;2;23.7;35.6;28.5;37.5;62;19.2;;67.6;13.5;40.1;5.1;73.9;29.8;
1/06/1973;0;28.7;0;8.7;56.6;70.6;11.7;;47;8.7;36.8;45.2;72.9;32.6;
1/07/1973;0;8.4;46.2;29;2;33.9;0;;23.3;0;10.2;2.1;67.3;1.5;
1/08/1973;0;19.3;0;6.4;23.2;124.4;0;;26.3;0;15.3;2.4;53.1;4.4;
1/09/1973;38;91;115.8;47;92.4;139.4;51.9;;96;23.3;72.4;76.4;28.8;68.4;
1/10/1973;23;67;162.7;45;100.4;22;45;;111.7;21.2;77.6;50.8;25.6;65.9;
1/11/1973;14;65.5;116;73;58.7;173.9;26.4;;62.7;10.5;83.1;99.2;58.9;64.5;
1/12/1973;83;75;87.1;93.7;121.5;121.3;70.2;;158.4;30.4;109.1;84.7;129.1;126.9;
1/01/1974;76;61.6;107.1;37;167.9;146.8;85;;63.9;46.5;98.8;102.1;;144.6;
1/02/1974;151;140;230.6;210.2;277.2;112.7;126.7;;178.3;82.1;145.7;103.1;67;242.6;
1/03/1974;86;89.1;334.2;185.1;123.7;159.7;45.4;;64.2;36.3;124.6;72;49.5;128;
1/04/1974;37;59;211.9;61.3;73.5;204.4;40.9;;113.4;28.5;58.3;24.3;64.5;80;
1/05/1974;22;4.6;0;0.2;3;51;0;;24.3;0;37.8;5.1;75.2;4.5;
1/06/1974;0;17.3;0;42.8;40.4;60;7.6;;61.5;;44.7;16.5;83;28.4;
1/07/1974;0;6.5;0;0;81.5;18;0;;12.7;0;17.1;0;101.5;3.8;
1/08/1974;0;27.3;0;42.2;29.9;59;0;;42.2;0;28.3;39.4;38;14.7;
1/09/1974;0;38.7;0;28.5;59.8;45;22.3;;47.3;15.1;51.5;102.9;70;41.4;
1/10/1974;16;70.7;66.7;152;85.2;81.6;21.4;;102.1;17.2;41.1;74.1;66.5;41.8;
1/11/1974;0;55.1;106.1;109.1;60.4;62.5;25.5;;36.8;19.8;35.5;33.8;38.7;65.2;
1/12/1974;11;76.8;63.6;77.3;61.4;104;0;;26.3;11;33;39.7;53;65.1;
1/01/1975;45;95.6;0;56.4;172.9;108.1;49.5;;161.1;53.9;17.8;80.4;28.5;103.3;
1/02/1975;76;156.5;305.5;209.8;249.9;23.3;138.6;;191.3;86.3;206.2;99.1;173.5;266.8;
1/03/1975;277;202;752.3;176.2;434;175.2;144;;325.2;169.8;240;225.5;166.5;298.3;
1/04/1975;21;68.8;302.7;131.6;109.2;224.7;111.5;;141.4;64.4;100.2;59.1;119.5;128.8;
1/05/1975;9;66.8;15.6;104.3;;61.9;0;;45;5.7;62.8;67.8;61.5;35.3;
1/06/1975;13;10;0;25.6;8.1;32.5;18.1;;23.5;4.7;22.1;0;;37.3;
1/07/1975;0;7.2;0;42.9;7.3;3;0;;9.7;0;3.8;23.7;25.5;11.5;
1/08/1975;7;19.3;0;48.7;44.8;53.5;20.4;;41.1;5.4;13.9;17.6;44;52;
1/09/1975;29;45.1;28.5;11.7;70.7;16;40;;77.3;25.3;89.4;38.7;73.5;69.1;
1/10/1975;129;80.2;109.5;110.8;159.5;117;76.5;;113.8;49.1;60.1;44.3;52.5;140.4;
1/11/1975;0;65.1;0;52.1;22.3;91;12.6;;63.8;13.8;34.5;53.4;31.7;62.4;
1/12/1975;26;0.9;0;33.8;15.5;20;0;;4.3;2.5;0;7.2;13.2;13.1;
1/01/1976;122;130.4;52.3;111.8;269.4;189;179.9;;225.4;76;76.2;90.1;36;283.7;
1/02/1976;161;62.9;182.1;87.2;218.6;135;16.4;;210.3;47.1;52;170.6;28;163.1;
1/03/1976;43;81.3;210.3;212.7;159;185;0;;106.3;61.7;61.4;56.5;11;179.7;
1/04/1976;58;17.2;135.3;82.4;69.7;61;0;;86.5;22;138;59.1;3;98.1;
1/05/1976;9;43;0;46.8;67.7;58;10.7;;49.4;14.8;11.8;43.9;1;49.2;
1/06/1976;0;23;0;21;25;30;9.7;;39.7;6.6;15.4;8;0;4.5;
1/07/1976;0;0.1;0;0;9.7;0;0;;0;0;0.5;1.1;2.5;0;
1/08/1976;0;4.4;0;19.2;4.3;12;0;;0;0;7.3;6.3;3;0;
1/09/1976;0;12.3;56.4;13.9;39.3;27;2.1;;0;0;0;5;1.5;0;
1/10/1976;0;32.2;96.8;55;25.5;62;8.6;;67.5;9.2;31.9;53.9;5;19;
1/11/1976;0;71.6;78.6;43.6;12.4;26;14.6;;53.5;18.4;36.6;22.3;6.5;39.3;
1/12/1976;18;44.4;44.3;52.1;97.7;79;41.5;;84.8;45.7;114.8;106.1;9;76.9;
1/01/1977;136;129.9;110.9;144.1;372.3;197;161.3;;171.2;132.6;277.3;133;11;272;
1/02/1977;138;146.4;419;123.5;351;236;202.9;;232.8;166.1;157;168;16.5;423.4;
1/03/1977;69;141.9;83.6;161;174.7;175;72.8;;143.4;40;104.2;114.1;31;194.4;
1/04/1977;65;42.6;0;78;81.2;100.5;62.3;;83;47.9;77.1;30.1;16.9;75.7;
1/05/1977;0;25.5;0;8.2;36.4;29.5;0;;44.3;0.2;25.8;18.1;27.5;4.8;
1/06/1977;0;8;0;0;1.3;13.5;0;;4.9;0.2;5.7;15.5;0;1.6;
1/07/1977;0;7.5;0;1.7;0;6.5;0;;0;0;0.6;2.9;1.3;0;
1/08/1977;0;0.1;0;0.8;6.7;2;0;;0;0;0;0;1;0;
1/09/1977;4;16.1;10.9;44.6;11;62.5;17.9;;40.3;6.5;27.2;28.2;22.3;16.6;
1/10/1977;0;53.4;25;111.1;16.7;96.5;7.1;;47.9;5.4;77.4;57.4;67.9;19.1;
1/11/1977;9;54.8;23.3;136.3;61.5;149.5;14.6;;74;17.3;48.5;79.5;104.9;56.8;
1/12/1977;4;68.2;90.5;56.7;75.5;85;84.9;;102.4;49.6;81.3;103.7;100.8;74.7;
1/01/1978;6;12.7;0;54;56.6;40;0;;42.4;0;27.4;23.6;114;16.3;
1/02/1978;22;34.4;10.2;50.9;122;105.5;55.8;;133.7;66;52.7;73.9;6;131.1;
1/03/1978;69;48.8;3.1;88.4;62.9;51.5;51.1;;89.2;43.3;32.5;40.3;81.4;115.2;
1/04/1978;31;37;27.4;119.9;57.1;88.5;14.4;;68;10.1;38;79.5;30.9;61.1;
1/05/1978;0;65.6;59.2;93.9;65.5;88.2;45.5;;66.4;27.8;42.5;134.2;32;58.5;
1/06/1978;0;3.9;0;2.5;0;0;0;;0;0;15.9;4.1;12.5;0;
1/07/1978;0;4.4;21.7;49.6;11.8;25.8;0;;23.3;0;0;24.3;8;5.3;
1/08/1978;0;3.8;0;2.4;0;0;0;;0;0;0;4;0;0;
1/09/1978;1;25;31.3;17.8;28.6;66.9;2.2;;76.8;10.8;7.2;24.7;12.5;31.1;
1/10/1978;24;24.4;23.9;98.5;22.6;70.4;0;;48.1;0.4;43.6;46.3;18.7;22.7;
1/11/1978;14;54;51.5;72.1;62.6;191;1;;77.3;7.4;76.7;47;35.7;32.6;
1/12/1978;4;44.8;26.2;112.5;74.2;189.5;40.6;;95.9;9;35.8;101.9;56;62.4;
1/01/1979;36;84.1;36.6;53;68.3;108.7;34.5;;77.7;24.4;95.4;69.3;52.7;99.5;
1/02/1979;33;81.6;47.6;98.2;195.5;144.8;94.5;;132.9;104.8;101.5;167.3;78.6;125.8;
1/03/1979;123;159.7;73.5;266.1;269.3;370.2;225.6;;249.9;121.5;213.9;115.8;106.8;282.7;
1/04/1979;;37.1;;197.8;50.9;61.5;13.7;;69.6;10;23.8;45;52.4;35;
1/05/1979;3;16.3;;2.8;9.3;54;6.8;;31.2;8.5;6.8;20.4;52.8;7.4;
1/06/1979;0;1.8;;0.5;0;10.8;0;;15.9;0;0;1.3;3.3;1;
1/07/1979;0;7.5;8.6;8.1;5.5;34;0;;7.3;2.5;26.8;18;16.2;0;
1/08/1979;0;15.7;13.8;37.6;0;40.4;5.4;;58.5;3.9;11;23.1;33;5.2;
1/09/1979;0;33.6;74.4;107.3;39.3;117.3;9.7;;58.6;3.5;58;35.4;22.4;23.8;
1/10/1979;0;24.4;0;18.6;2.4;48.2;0;;3;0;0;10.7;46.6;0;
1/11/1979;2;26.3;47.6;27;17.3;27.3;0;;25.4;4.3;0;37.1;23.8;19.6;
1/12/1979;0;46.6;42.3;59.2;32.7;108.1;2.2;;45;0;17.4;54.1;10.2;23;
1/01/1980;7;34.9;44;;24.8;70;0;;20.5;5.8;57.9;38.8;29.9;36.8;
1/02/1980;0;42.4;21.6;;43.4;37.3;5.6;;42.2;9.4;44.5;17.2;21.1;50.5;
1/03/1980;25;65;88.4;;151.9;166.9;71;;116;72.3;94;124.7;62.5;135.6;
1/04/1980;0;29.3;39.3;;24.5;69.6;23.4;;83.9;14;78.9;30.7;7.5;73.6;
1/05/1980;5;6.9;0;164;16.8;73.6;0;;16.1;6.7;9.5;30;14.5;2;
1/06/1980;0;15.1;0;18.4;10.2;11.8;12.2;;5.3;2.4;6.9;3.1;9.5;6.4;
1/07/1980;0;3.2;1.3;0;0;0;0;;4.8;0;1.3;0;0;0;
1/08/1980;0;6.7;3.6;22.4;7.4;5.7;0;;17.9;0;4.3;8.1;10.3;2.6;
1/09/1980;0;2.3;0;16.9;0;2.2;0;;2.8;0;0;4.5;16.7;3.3;
1/10/1980;60;130.4;195.4;147;180.9;247.2;77.1;;149.6;64.3;171.6;238.4;76.8;123.9;
1/11/1980;71;111;352.7;362.6;90.1;221.1;44.7;;119.3;23.4;122.5;149.6;143.1;73.1;
1/12/1980;34;106.7;228.1;;117.3;161;52.5;;108.7;45.3;119.3;22.8;55.4;79.5;78.1
1/01/1981;16;78.2;127.6;;145.8;94.1;61.2;;73;43.4;118;107.4;39.8;133.3;176.4
1/02/1981;47;186.5;153.8;;410.5;257.3;257.5;;232.2;151.4;231.5;156;130.6;311.5;335.3
1/03/1981;101;105.7;160.2;;227.3;190;119.3;;138.6;58.5;98;29;31.8;180.9;288.7
1/04/1981;6;33.7;13.3;;127.8;153.1;22.6;;66.3;1.2;62.6;19.9;49.7;26.3;13.8
1/05/1981;0;14.7;66.8;;30.9;65.6;0;;28.8;6.7;73.6;41;31.5;8.5;22.6
1/06/1981;0;6.6;35.2;;7.8;0;0;;16.1;0;33.5;19.4;40.7;0;2.2
1/07/1981;0;7.2;0;;0;0;0;;11.3;0;5.6;0;12.1;0;0
1/08/1981;0;12.7;15.8;;9.2;0;0.6;;36.6;0;13.8;23.6;36.7;4.8;0
1/09/1981;0;22;6.4;;19.7;6.5;0;;32.7;0;6.2;14.1;14.5;0;0
1/10/1981;25;111.9;187.6;97.1;134.8;160.6;38.9;;115.6;25.1;129.6;122.6;96.9;87.9;92.9
1/11/1981;24;45.6;72.7;140.2;42.7;60.3;20;;55.5;2.8;119.9;19.8;38.9;77.2;7.5
1/12/1981;41;111.3;161.2;198.7;113;90.8;74.4;;80.8;9.8;96.9;94.7;44.6;98.2;70.5
1/01/1982;17;71.7;139.3;81.7;118.5;56.8;55.7;;75;34.6;103.9;78.2;28.3;98.5;185.5
1/02/1982;45;102.9;102.3;60;95.9;19.2;49.4;;59.5;31.5;127;23.7;27.9;110.8;181.5
1/03/1982;11;74.6;46.1;124.9;113.9;72.2;25.5;;93.8;25.6;66.5;77;48.6;111.7;87.1
1/04/1982;0;88.7;14.1;;130.7;32.6;71.7;;104.3;33.6;60;60.1;82.4;55.7;205.7
1/05/1982;0;38.2;10.9;;38.5;34.2;0;;63.8;0;28.6;45.6;49.2;0;0
1/06/1982;0;7.8;9.5;;0;;0;;29.2;0;0;0;13.6;0;0
1/07/1982;0;2.1;0;;0;;0;;19.7;0;0;9.9;13.8;0;0
1/08/1982;0;6.6;0;;0;;0;;23.1;0;0;0;0;0;0
1/09/1982;29;43.9;18.9;;12;;0;;75.4;19.3;59.3;70.8;70.8;13.9;152.3
1/10/1982;87;124.8;93.3;;147.2;;42.5;;170;21.1;117.7;143;60;78.2;81.4
1/11/1982;137;67.3;7.3;;85.7;;35.3;;95.6;42.3;88.7;154.9;37.8;38;220.5
1/12/1982;55;87.4;58.8;;73.6;;93.5;;162.4;29.8;110;157.3;109.1;106.2;0
1/01/1983;73;116.6;149.6;;212.3;;;;284;16.5;115.3;176.9;54.5;123;710.8
1/02/1983;42;75;2;;84.4;;75.7;;122;45.7;33.8;41.1;31;72.4;583.6
1/03/1983;109;152.8;240.5;;423.9;;196;;262.3;182.2;230.2;138;38.2;276.9;3618.4
1/04/1983;70;105.7;112.3;;350.6;;77.8;;137.5;140.5;133.2;196.9;20.8;166.6;1793.6
1/05/1983;51;31.1;20.9;;77.3;;15;;53.4;33.7;91;65;6.8;9.2;710.1
1/06/1983;0;10.1;2.5;;14.6;;0;;30.4;16.4;4.8;32.7;8.2;5.8;106.5
1/07/1983;0;9.6;0;;3.9;;0;;6.2;0;0;7.5;17.5;0;15.9
1/08/1983;0;2.7;0;;0;;0;;0;0;7;15;11.5;0;0
1/09/1983;0;19.2;0;;53.1;;0;;69.8;9.7;12.3;0;7;0;57.8
1/10/1983;2;86.9;4.2;;157.1;;0;;82.4;8.3;93.4;101.1;40.7;0;16.7
1/11/1983;9;28.1;9;;58.2;;0;;57.4;11.1;69.9;28.6;48.3;0;5
1/12/1983;29;118.4;42.2;;136.1;;126.8;;156.4;121.6;34.7;37.1;71;96.8;3.1
1/01/1984;5;24.7;0;;75;0;36.9;;56.4;14.3;125.6;9.8;28.1;52.6;253.4
1/02/1984;135;233.6;407.3;;595.7;;107.9;;380.8;291.6;142;225.5;183.9;318.5;1010.7
1/03/1984;110;123.8;131.8;;175.8;;0;;238.9;33;204.8;75.6;86.2;182.8;554.9
1/04/1984;74;80;95.7;;128;134;0;;119.3;63.9;106.3;93.9;127.2;56.4;649.5
1/05/1984;29;69.5;49.4;;43.6;0;0;;110;100.8;106.6;38.6;41.3;59.3;44.4
1/06/1984;17;25.1;2.5;;24;0;9.8;;40.7;0;5.6;9.7;21.6;16.2;1.5
1/07/1984;3;23.4;0;;35.8;60;5.4;;62.8;0;9;14.9;5;8.5;0
1/08/1984;;18.7;2.5;;2.4;;0;;10.2;8.5;2.7;16.6;37.4;0;0
1/09/1984;;36.7;2;;11.8;;37.9;;30.6;;17.2;0;56.7;0;100.2
1/10/1984;;68.6;93.5;;106.9;;53.5;;170.9;;30.9;155.1;32.9;35.9;0
1/11/1984;;97.6;111.5;;89.2;;48.8;;71.9;;34.9;82.9;36.3;0;89.3
1/12/1984;;104.1;77.8;;76.5;;19.6;;48.4;;38.9;43.9;43.5;38.4;119.8
1/01/1985;;24.6;2;;42.5;;17.8;;35.1;;22.2;24.9;70.2;33.6;194.9
1/02/1985;;42.4;0;;110.2;;73;;93.6;;32.1;46.9;34.8;65.5;45.9
1/03/1985;;37.2;15.4;;64.4;;51.6;;73;;36.8;48.5;43.1;20.7;448.2
1/04/1985;;41.9;2;;10.6;;0;;82.8;;64.3;192.3;9.5;25;15.1
1/05/1985;;53;16.5;;27.6;;31;;39.1;;24.3;38.1;7;15.1;0
1/06/1985;;0.4;0;;0;0;0;;4.8;;10.6;8.2;0;0;0
1/07/1985;;4.8;0;;0;0;0;;3.5;;1.4;51.1;15.3;0;0
1/08/1985;;18.3;0;;7.5;0;0;;21.5;;12.7;19.6;9;0;2.9
1/09/1985;;37.3;37;;60.1;0.9;10.2;;57.3;;28.9;30;43.2;19;0
1/10/1985;;50;7;;19.4;0.6;10.1;;37.8;;30.6;23.2;41.7;0.8;0
1/11/1985;;23.9;2.5;;10.8;0.8;0;;32.3;;16.7;40.7;10.7;20.8;5.6
1/12/1985;;40.3;78;;99.1;0;0;;110.3;;75.7;86;25.2;88.1;8.3
1/01/1986;;84.4;71.4;;297.1;127;64.3;;153.8;;80.2;124.3;56.3;141.7;417.7
1/02/1986;;47.7;67.1;;98.3;41;50.6;;89.3;;98.4;63.4;66.1;107.6;621.8
1/03/1986;;96.8;99.5;;141.5;6;96.6;;137.7;;106.3;85.8;21.5;181.8;214
1/04/1986;;120.2;181.2;;197.5;74.2;187.8;;145.5;;101.6;141.4;11.2;204.8;640.9
1/05/1986;7;16.2;26.7;;0;106.6;7.7;;60.1;;24;36.8;15.5;16;134.1
1/06/1986;0;0.6;0;;0;;0;;0;;2.6;0;18.2;0;0
1/07/1986;1;1.2;0;;0;;0;;0;0;0;2.5;25.7;0;0
1/08/1986;18;14.6;19;;18.9;50;6.8;;58.2;0;0;7.1;42.2;9.6;11.2
1/09/1986;2;1.3;9.5;;0;10.9;0;;3.6;0;0;3.9;37;0;1.3
1/10/1986;17;43.6;16;;33;24;2.1;;63.9;9;19.2;51.9;19.2;34.4;0
1/11/1986;61;66.2;84.6;;100.4;51.8;35.8;;68.2;0;48.9;78.5;44;103.8;170.4
1/12/1986;147;51.8;97.4;;155.1;133.2;100.9;;131.7;97.9;72.1;88.9;56.3;279.9;151.8
1/01/1987;232;98.2;140.8;;240.2;313.7;190.1;;185.8;25.7;;267;28.5;234.9;527.3
1/02/1987;114;95.2;79.9;;139.4;113;76.3;;101.8;57;;124.9;56.3;182.2;290.5
1/03/1987;121;39.2;57;;111.9;126.5;25;;57.9;8;;86.6;148;82.1;155.2
1/04/1987;84;52.2;25;;66.1;60.3;85.6;;112.6;16.6;;91.5;51.5;96.9;213.4
1/05/1987;7;9.1;20.3;;10.9;68.6;0;;0;0;;16.3;56;2.7;1.7
1/06/1987;2;4;0;;0;0;0;;0;0;;4.6;20;0;0
1/07/1987;8;10.8;11.3;;13.2;9.5;0;;10.1;0;;10.7;34;0;0
1/08/1987;11;12.3;0;;15.8;0;9.7;;40.3;11;;12.7;28.8;9;8.3
1/09/1987;28;39.5;11;;6.1;60.5;0;;19.8;4;;52.4;11;13.3;41.5
1/10/1987;13;37.2;63.5;;0;122.7;7.6;;;5;;43.5;29;9.5;0.6
1/11/1987;76;74.3;100;;61.7;161.6;37.7;;56.7;9.8;;101.1;46.5;64.3;16.9
1/12/1987;49;61.5;52.2;;10.1;;24.2;;31.7;0;;90.9;31;61;1.5
1/01/1988;212;109.7;206.3;;259.6;307.5;113.7;;43.2;59;;150.5;43;183.7;47.5
1/02/1988;144;105.5;197.2;;163.4;176.9;112.5;;140.4;25.5;;106.2;26.5;171.7;226.9
1/03/1988;51;44.8;31.8;;47.3;63.6;29.3;;53.9;35;;52.5;60.5;54.8;214
1/04/1988;118;95.6;254.9;;152.7;165.8;74.7;;207.9;69.5;;160.3;35;123.5;687.1
1/05/1988;1;10.6;27.9;;77.1;18.6;4.8;;31.6;0;;11.4;33;4.1;1
1/06/1988;;5.4;11.5;;0;15.6;4.4;;19;0.4;;6.3;30.5;3.7;0
1/07/1988;0;0;0;;0;6.4;0;;7.1;0;;0;29.2;0;0
1/08/1988;;0.4;0;;0;5.3;0;;10.8;0;;0;43.4;6.2;0.8
1/09/1988;9;32.9;17.5;;24.8;30.6;0;;11.8;3;;26.9;53.3;13.1;1.7
1/10/1988;46;69.4;0;;40.9;133.7;27.4;;108.2;13.6;;63.9;56.4;56.2;8.6
1/11/1988;83;65.2;20.9;;82.9;112.6;62.3;;63.7;17.4;;86.6;70.2;98.2;2.2
1/12/1988;61;63.4;20;;48.2;124.1;15.8;;1.2;18;;41.3;27;62.9;29.5
1/01/1989;182;87;98.1;;274.1;188.7;128.6;;85.7;32.5;;;36.3;;92.1
1/02/1989;304;158.8;126.8;;301.9;216.8;189.2;;268.9;64.6;;144.2;28.5;289.6;162.1
1/03/1989;258;113.5;218.4;;193.9;85;57.6;;230.2;23;;106.4;32;245.3;415.8
1/04/1989;87;85.4;215.2;;154.6;89.9;;;224;38;;135.3;29.2;90.9;212.4
1/05/1989;14;18.8;8.5;;25.6;18.5;;;19.3;1.7;;31.3;14.2;15.2;1.1
1/06/1989;11;16.7;4.5;;6.2;0;;;11.2;0;;17.7;12.5;15.2;0
1/07/1989;0;3.2;0;;0;0;;;0;0;;4.1;25;0;0
1/08/1989;4;5.9;0;;0;0;;;3;0;;10.2;7;1.5;1.4
1/09/1989;20;53.5;66.4;;17;46.5;;;37.5;0;;36.5;17;41.3;3.9
1/10/1989;92;106.6;43.8;;93;77;;;135.4;0;;97.6;23.5;124.1;211.1
1/11/1989;15;47.1;2.4;;13.7;51.5;;;33.8;0;;1.3;17.5;9.4;0
1/12/1989;0;2.7;0;;0;0;;;5.1;0;;5.4;9;0;0
1/01/1990;88;101.8;0;;103.3;29.7;59.9;;87.9;13;;84.9;93.6;126.4;26.4
1/02/1990;142;68.5;47;;132.1;85.4;75.4;;146.8;17.6;;99.7;35.5;115.3;28.2
1/03/1990;154;58.3;59;;96.2;85.9;82.2;;84.1;29.7;;49.1;8.5;155.7;46.6
1/04/1990;48;27.4;45.1;;61.8;127.2;24.8;;70.2;10.6;;47.7;19;51.7;89.8
1/05/1990;33;39.5;44.3;;38.7;31.5;15.5;;32.2;6.6;;23.8;21;30.5;10.6
1/06/1990;24;24.6;57.6;;28.3;35.6;11.5;;37.4;3;;24.1;9;26.9;0
1/07/1990;0;0.8;0;;0;0.9;0;;0;0;;1.5;8.5;3.3;0
1/08/1990;0;7.1;0;;0;0.6;0;;0;0;;2.6;15.5;0.5;0
1/09/1990;0;20.1;0;;10.2;139.7;0;;27.9;0;;16.7;27;0.7;0.1
1/10/1990;45;87.6;53.2;;77.4;262;14.3;;107;4.4;;194.6;53;75.1;25
1/11/1990;73;99.1;144.6;;93.3;250.2;31;;123.8;11.8;;193;50.5;134.7;6.4
1/12/1990;53;72.3;9.5;;1;103.6;25.1;;73.5;9.8;;60;31;94.8;10.7
1/01/1991;41;43.8;32.5;;0;94.7;11.2;;33.5;3.6;;38.5;28;26.7;7.3
1/02/1991;88;90;66.5;;97;344.7;32.7;;105.9;13.6;;99.9;40.4;91.8;27.4
1/03/1991;279;133.7;190.1;;224.6;509.6;49.8;;221.4;21.6;;160.5;80;194.3;149.4
1/04/1991;82;55.2;139.1;;105.2;248.6;16.2;;110.5;45.4;;48.2;16.2;82.3;43.6
1/05/1991;25;17.9;42.2;;0;287;10;;45.6;2.2;;43.6;19;8.1;16.3
1/06/1991;3;0.7;0;;0;6.3;0;;9.1;0;;2.3;2;2;0
1/07/1991;0;0.4;0;;0;0;0;;0;0;;0;5;0;0
1/08/1991;0;0.3;0;;0;0;0;;0;0;;0;0;0;0
1/09/1991;2;10.2;0;;1;78.7;0;;5.4;0.7;;38.7;4.5;3.9;0
1/10/1991;53;28.2;0;;52;145.1;17.3;;72.2;14.3;;65.2;3;50;7.7
1/11/1991;55;55.1;10.3;;70;221.5;25.9;;56.9;33;;61.9;18;38.2;3.7
1/12/1991;97;71.9;6;;88.1;229.3;51.9;;99.8;25.4;;88.2;43.5;87.1;18.6
1/01/1992;141;52.6;6.5;;130.5;170.1;51.9;;122.5;45.5;;28.1;34;139.3;43.7
1/02/1992;70;31.8;7.5;;199.7;74.1;30.2;;48;27.3;;35;34;55.9;5.3
1/03/1992;124;66.6;22.4;;59.6;137.1;51.1;;152.6;72.9;;54.8;28;141.5;19.7
1/04/1992;206;46.5;80.8;;177.4;119.1;50.8;;88;34.2;;48.9;20.5;177.6;192.3
1/05/1992;43;18.9;12.5;;47.5;96;59.5;;38.4;25.9;;22.4;16;46.6;48.9
1/06/1992;25;21.2;0;;0;62.4;16;;41.6;6.2;;21.1;15;30.3;0
1/07/1992;1;4.6;0;;3;0;0;;0;0;;2.9;17.5;0.9;0
1/08/1992;6;10;0;;2;24;0;;5;0;;11.3;17.5;2.3;5.1
1/09/1992;17;40.8;66.2;;35;135.5;0;;75.6;8.5;;30.8;30.5;92.3;0
1/10/1992;63;64;30.1;;68;119.2;0;;119;21.5;;137.6;7;158.9;0.7
1/11/1992;10;32;0;;17;75.7;0;;22;1.5;;33.6;15.7;46.6;0
1/12/1992;33;34.1;2.5;;45.5;163.9;0;;52.7;1.9;;44;27;30.5;9.2
1/01/1993;78;61;28.2;;367;136.9;0;;110.8;51.6;;94.9;61;103.9;33.5
1/02/1993;243;106.2;118;;519.5;178.8;0;;162.6;91.7;;176.5;34.5;199.6;299.5
1/03/1993;357;245;352.6;;673.5;374.3;0;;278.6;208.9;;222.5;72.3;286.5;663.8
1/04/1993;185;102.9;165.4;;501.8;437.8;0;;142.8;82.4;;148.6;41;141.1;289.3
1/05/1993;54;30.2;43.3;;57;102.7;7.3;;73.7;19.6;;55;30.5;27.6;205.7
1/06/1993;1;1.9;0;;0;19.8;0;;0;0;;0;29;1.2;0.3
1/07/1993;4;3.3;0;;0;0;0;;8;0;;0;11.5;5.3;0
1/08/1993;1;2.9;0;;0;18.4;0;;2.2;0;;11.2;18.5;2;0
1/09/1993;29;51.4;76.6;;66.5;82.6;25.9;;72.6;8.3;;72.9;58.5;33.8;3.6
1/10/1993;86;106.3;157.6;;100;137.5;69.3;;123.4;45.9;;92;116;109.4;20.6
1/11/1993;79;71.4;113.4;;65;206.2;41.2;;69.1;23.7;;74;25.5;80.2;46.9
1/12/1993;149;84.1;286.8;;90;452.6;80.1;;172.2;44.7;;136;124.5;174.6;55.2
1/01/1994;233;116.9;218.8;;198;475.4;77.4;;150.6;61.1;;137.9;116;194.4;193.9
1/02/1994;217;103.1;248.2;;255.5;373.5;144.9;137.7;177;73.8;;162.8;101.5;199.9;118.2
1/03/1994;295;170.2;270.1;;220;519.5;176.9;225.6;143.3;122.7;;262.6;172.7;270.7;244.8
1/04/1994;210;144.9;103.3;;162;268.5;86.9;168.5;163.8;51.3;;133.7;49.7;143.1;64.2
1/05/1994;35;35.3;29.1;;25;329.1;7.6;26.2;48.9;5.7;;23.7;58.5;38.6;7.3
1/06/1994;3;3.3;2.5;;5;18.6;0;5.7;10.1;0;;14.7;18;4.2;56.3
1/07/1994;0;0;0;;0;0;0;0.3;3.5;0;;0;20.5;0;0
1/08/1994;0;0.2;0;;0;22.2;0;0;0;0;;1.7;12.5;0;0
1/09/1994;9;11.9;4.1;;9;104.8;0;13.2;34.5;7.1;;20.6;23.5;13.9;7
1/10/1994;4;27.2;163.1;;10;252.8;1.1;11.3;16.6;2.7;;50.8;18.5;9.6;3.9
1/11/1994;54;89.8;128;;57.5;210.7;33.3;54.8;109;18.7;;62;80;65.3;42.4
1/12/1994;165;122.6;149;;45;142.5;136.6;129.1;103.8;50.6;;110.5;59;215.7;68
1/01/1995;119;44.7;54.4;;79;139.7;51;37.3;94.2;28.1;;48.7;116.8;120.5;110.7
1/02/1995;207;108.3;173.1;;148;228.8;104.2;114;134.9;82.2;;131.9;89.1;211.3;162.2
1/03/1995;121;75.7;338.9;;122;217.7;70.7;70.9;155.6;94.9;;112;179.8;126.2;158.2
1/04/1995;63;49.7;65.1;;62.4;127.8;71.3;57.4;91.3;47.7;;47.6;143.3;78.5;134.1
1/05/1995;26;20.6;25.8;;12.8;112.7;2.9;20.4;45.6;12.6;;22.7;49.7;26;10.3
1/06/1995;4;1.7;0;;1.8;12.6;1.1;3.5;12.8;2.2;;12.1;9.7;2.9;0
1/07/1995;3;13.2;12.2;;0;51.8;0;5.2;20.2;0;;7.7;24.2;3.4;0
1/08/1995;0;10.8;0;;0;48.9;0;8.8;25.2;0;;1.8;22;0.4;0.1
1/09/1995;4;11.5;26.6;;8.9;54.9;2.8;7.7;44.3;2.9;;18.5;20.1;7.4;9.7
1/10/1995;33;51.8;82;;29.1;96.5;29.1;74.1;65.3;18.2;;68.6;87.7;54.9;17.4
1/11/1995;40;50.5;131.9;;36.3;125.9;22.5;56.9;67.4;12.2;;72.3;129.4;52;14.1
1/12/1995;95;76.4;181.1;;119;243.9;54.2;89.5;112.3;44.7;;121.9;200.7;119.8;109.5
1/01/1996;151;65.2;159.5;;107.4;198.8;85.1;76.8;151.6;65.3;;98.1;93;164.3;102
1/02/1996;206;124;180.4;;301.1;407.5;122.1;112;224.3;103.4;;181.3;216.9;204.7;152.7
1/03/1996;283;120.1;285.9;;237.5;312.7;172.4;142;244.5;123.2;;251.7;217.8;301.4;160.8
1/04/1996;78;50.4;90;74.5;62.2;141.3;66.4;97.2;62.8;61.4;;81.4;109.5;75.5;90.7
1/05/1996;11;13.7;35.5;28;0;59.7;2.1;18.2;23.3;1.6;;20;51.5;10.1;9.2
1/06/1996;10;0.8;13;0;11.3;49.7;0;7;3;3.7;;0.3;15.3;13;0
1/07/1996;0;0.5;0;0.5;1.3;0;0;0.5;2;0;;0.5;4.7;0;0
1/08/1996;3;15.8;;0;5.7;20.3;;15.8;6.9;0.5;;6.5;46.8;6;5.2
1/09/1996;37;13.9;;24.4;1.5;48.5;;18.2;32.1;6.3;;26.1;56;12.1;4
1/10/1996;50;76.2;127.5;176.3;78.9;232.9;;78.8;105.1;17.3;;91;144.6;64.1;87.2
1/11/1996;22;68.8;132.3;62.6;25.4;80.6;;45.5;41.8;8.8;;50.6;75.7;32.6;4.2
1/12/1996;21;34.1;72.5;17.2;14.7;58.6;;;38.7;0;;18.8;38.4;31.7;1.6
1/01/1997;54;63.8;108.5;51.9;33.1;186.9;;75.6;44.4;13.3;;68.5;63.1;70;59.3
1/02/1997;185;152.9;338;109.2;204.4;190.3;;125.1;174.1;84.8;;138.7;170.5;182.2;167
1/03/1997;70;26.5;24;74.2;41.3;123.2;;30.9;66.1;28.6;;51.5;77.3;66.5;11.9
1/04/1997;93;40.4;69.4;168.1;78.9;260;;71.2;96.1;41.9;;78.4;146;107.4;144.1
1/05/1997;17;17;35.1;15.9;22;81;;16;14.2;0;;15.6;40.6;21.2;4.2
1/06/1997;10;15.4;12.3;11.2;13.8;18.5;;8.2;19.5;0;;13.1;69.3;11.7;0
1/07/1997;0;0.2;0;0;0;39;;0.6;0;0;;0;1.3;0;0
1/08/1997;0;0;15.6;0;0.2;9.9;;1.2;5.9;0;;0.9;0.4;0;0
1/09/1997;33;27.4;41.3;33.5;41.1;80.5;;31.3;57.1;47.9;;22.6;55.2;49.1;45.5
1/10/1997;58;50.8;104.2;89.2;72.6;169.2;;72.4;49.4;33.6;;105.2;67.1;80.2;38.1
1/11/1997;122;119.9;124.6;119.4;136.5;301.6;;102.2;149.1;80.8;;106.4;213;136.1;110.1
1/12/1997;279;129.4;276.6;154.1;303.4;305.1;;153.9;199.6;144;;251.5;124.2;272.4;341
1/01/1998;437;103;199.6;74.4;371.7;168.5;;137.4;209.3;125.4;;160.6;108.3;300.8;468
1/02/1998;481;116.5;160;156.1;362.8;380.5;;144.2;297.1;192.7;;202;217.5;421.4;540.3
1/03/1998;474;257;249.8;242.4;440.7;298.7;;165.2;322;283.1;;196.1;191.4;359.5;629.1
1/04/1998;181;83.9;257.5;169.5;146.4;243.2;;91;202.5;65.3;;153;171.9;153;220.2
1/05/1998;51;19.6;29.9;49.3;28.4;85.4;;18.2;27.1;13.6;;31.2;78.8;47;45.1
1/06/1998;5;4.8;0;0;13.1;0;;2.8;11.6;0;;1.1;2.3;12.3;6
1/07/1998;0;1.3;0;0.7;0;0;;0;3.2;0;;0;0.4;0;0
1/08/1998;3;4.7;1.2;0;0;14.8;;2.2;9.3;0;;2.6;13.6;5.4;0
1/09/1998;7;17.8;25.5;18.3;2;67.6;;20;34.2;7.4;;21.6;77.2;12.1;14.8
1/10/1998;51;79.6;150.4;174.3;64.5;234.7;;64.7;111.9;19.2;;101.2;188.5;56.8;55.1
1/11/1998;24;29.1;34.9;91.8;33.4;158.8;;37.1;22.1;10.3;;66.1;50.8;20;21.9
1/12/1998;68;47.9;76.9;44.8;96.1;86.4;;72.7;101.9;6.5;;72.9;72.4;56.1;59
1/01/1999;124;94.8;152.9;177.5;141.3;210.3;;97.3;151.4;76;;115.9;116.8;118.6;125.4
1/02/1999;555;242.7;359;319.1;387.3;494.2;;252.4;313.6;185.4;;305.7;306.4;520.3;563.4
1/03/1999;236;69.5;95.1;100.4;160.1;253.5;;93.7;147.4;40.5;;114.5;99.5;151.5;174.3
1/04/1999;120;65;13.3;13;69.6;126;;57.6;89.1;57.1;;56.8;112.4;94.6;143.5
1/05/1999;69;53.7;31.6;54.1;80;166.7;;47.7;61;40.9;;77.8;132.1;67.7;131.9
1/06/1999;36;22.8;27.4;49.2;24.9;53.9;;25.4;46.8;20.6;;44.7;91.5;48;41.2
1/07/1999;10;22.1;2.4;5.8;5.4;20.3;;2;10.9;5.3;;6.6;23.1;13.1;0.8
1/08/1999;0;1.2;1.2;6.6;5;6.4;;7.6;4.1;0;;1;23.6;0.5;0
1/09/1999;59;81.4;114.7;107.8;40;228.3;;75.6;123.3;31.2;;75.3;201.3;59.8;61.8
1/10/1999;36;21.7;20.3;53.6;27.9;65.3;;23.3;58.1;7.1;;32;85.7;20.6;32.6
1/11/1999;74;77;90.6;130.2;52.9;138.6;;65.3;37.2;21.5;;71.2;72.8;74.3;53.9
1/12/1999;121;68.8;133.7;241.9;99.5;166.4;;77.4;122.1;38.2;;95.9;161.3;139.6;102.7
1/01/2000;120;46;66.2;92;79.7;74.8;;50.1;45.8;32.6;;50.4;69.5;113.8;131.4
1/02/2000;343;162.3;187.2;224;256.4;237;;145.3;205.7;112.5;;173.9;189.1;302.4;390.3
1/03/2000;332;126.3;155.6;220.6;202.6;221.1;;137.9;320.2;141;;194.8;224.7;293.1;422.7
1/04/2000;139;77.3;102.3;112.4;113.6;168.6;;53.4;133.9;66;;97.2;118.5;144.9;180.3
1/05/2000;74;40.5;52.4;45;63;160.7;;50.8;83.8;60.9;;139.3;83.6;71.9;98.8
1/06/2000;26;15.6;5.2;54.8;15;40.7;;19.2;15.8;4.8;;12.4;40.2;42.7;4.9
1/07/2000;1;2.1;0;1.9;1.4;1.6;;3.7;0.7;0;;1.8;7.2;1.8;0
1/08/2000;4;13.4;13.5;9.8;3.2;16.3;;21.6;22.8;2.2;;23.7;22.8;5.6;4.8
1/09/2000;31;56.6;54.1;60.7;13.1;123.2;;36.9;57.2;7;;73.5;122.4;62.6;10.1
1/10/2000;21;9.9;6.1;5.7;30.5;19.3;;6.3;41.8;8.2;;24.7;15.1;12.7;12.4
1/11/2000;38;44.5;34.8;53.4;53.7;62.8;;41;53.3;36.3;;65.8;52.3;49.6;36.7
1/12/2000;139;122.3;157.6;160.4;185.5;236.5;;137.9;160.6;128.2;;157.9;160.7;155.5;105
1/01/2001;314;191.2;282.8;249.5;326.8;341.1;;231.5;238.8;128.8;;258.3;195.2;323.3;233.7
1/02/2001;167;100.8;98;134.9;213.3;227.7;;115;152;56.1;;109.3;91.5;128.9;159.8
1/03/2001;615;230.2;323.1;445;540.4;419.2;;236.8;439.4;261.1;;238.5;305.5;461.8;633.7
1/04/2001;91;57.2;41.5;50.6;60.7;92.6;;27.5;122.8;56.7;;52.9;140.4;68.1;116.4
1/05/2001;65;48.1;28.3;39.6;56.7;88.7;;40.3;49.3;23.5;;61.7;74.4;42.8;50.6
1/06/2001;0;2.3;0;1.3;0.5;17.6;;5.4;5.8;0;;0.4;12.2;0.6;0
1/07/2001;2;13.9;2.9;5.4;4;15.2;;3.7;9.1;0;;2.9;14.8;0;0.5
1/08/2001;0;0;3;0;0;0.4;;0.3;0;0;;0;0;0;0
1/09/2001;13;34.4;12.6;32.2;41;145.2;;29.9;106.7;13.4;;24.6;108.7;14;39.6
1/10/2001;28;46.2;84.1;104.3;48.2;169.5;;99;58.2;13.3;;91.8;132.7;48.1;28.6
1/11/2001;107;93.4;97.4;162.2;104;156.1;;81.9;91.3;41.7;;106.5;143.9;125.5;128
1/12/2001;65;90.9;128.6;97;69.1;171.8;;106.8;94.5;36.6;;125;143.1;68.9;48
1/01/2002;22;27;70.5;57.9;58.2;76.2;;36.7;63.7;27.8;;59;53.6;34.4;35.5
1/02/2002;231;60;91.9;90.5;265.4;188.8;;59.6;157.7;77.4;;118.1;116.7;211;189.5
1/03/2002;312;133.1;245.3;289.1;353.6;390.1;;182.5;245.8;155.5;;235.4;245.1;337.3;395.2
1/04/2002;201;77.2;99.9;172.6;137.2;159;;68.1;197.4;47.4;;102.9;193.1;108;279.1
1/05/2002;15;23;6.3;27.9;25.3;38.1;;17.7;15.9;0;;23.3;62.1;13.1;10.3
1/06/2002;7;8.8;2;1.9;6.5;27.8;;3.8;27.5;3.7;;5.8;16.3;8.6;3.4
1/07/2002;4;10.7;23.7;29.3;1.1;15.2;;7.6;4.1;0;;13.9;30.6;9.7;0.2
1/08/2002;0;3.4;0;0;0.3;2.6;;0;0.5;0;;7;0;0;0
1/09/2002;20;14.6;43.1;2;4.1;53.3;;25;61.5;7.9;;55.1;56.7;7.4;16.8
1/10/2002;106;90.3;150;208.6;79.6;202.1;;135.2;116.7;40.9;;116.2;154.8;128;86.9
1/11/2002;77;99.9;155;122;154.5;226.5;;82.3;131.9;74.1;;87.9;185;106.6;111.2
1/12/2002;135;86.1;140.8;151.8;102.4;243;;97.8;127;65.8;;153.7;168.6;182.8;105.5
1/01/2003;112;51.1;74.1;48.7;129.9;103.8;;46.1;119.8;27.3;;46.2;64.3;104.5;116.9
1/02/2003;140;61.4;89.1;71.1;185.8;134.9;;62.1;86.8;56.1;;110.5;82.9;118.4;93.8
1/03/2003;150;97.2;159;158.6;179.3;124.3;;104.5;149;87.6;;119.8;133.8;173.1;147.9
1/04/2003;52;42.1;87.5;92.7;124.8;81.2;;36.9;61.7;24.2;;87.3;133;80.1;43.3
1/05/2003;27;30.7;33.6;27.3;38.5;76;;13.9;40.4;22.8;;23.5;80.7;37.9;22.2
1/06/2003;23;22.3;10.4;21.2;9.6;54.4;;21.3;41.1;4.2;;19.1;73.8;30.2;22.6
1/07/2003;2;1.8;0.4;1.7;0;28.9;;3.1;0;0;;3.1;18.1;5;0.1
1/08/2003;4;10.6;5.4;0.9;14;15.6;;8.4;5.1;0;;10.1;12.9;1.6;0.1
1/09/2003;2;14.8;63.6;39.5;11;47.2;;7.4;44.7;0.7;;16.3;76.6;4.6;4.1
1/10/2003;23;46;57.7;80.9;26;101.8;;62.7;56.1;1.7;;67.9;66.2;28;28.3
1/11/2003;51;63.8;111.8;95.8;32.8;112.6;;95;77.1;19.3;;111.4;117.2;49.3;44
1/12/2003;103;80.7;124;116.4;77.7;100;;64.3;67.2;39.7;;93.6;118.7;90.4;147.5
1/01/2004;39;36.1;73.5;51.3;25.6;70.3;;66.4;19.8;7.1;;68.3;93.6;33.9;37.2
1/02/2004;212;102;94.2;63.5;203.4;230.4;;66.7;189.2;71.7;;102;84.7;226.5;155.7
1/03/2004;165;56.9;104.2;101.7;145.1;168.2;;49.8;113.6;57.8;;75.7;110.5;102.5;130.9
1/04/2004;79;44.5;93.4;106.6;50.5;82.4;;39.7;85.5;37.5;;37.8;86.7;89.5;92.7
1/05/2004;21;42.4;43.1;32.9;28.3;75.4;;56.4;58.2;12.2;;40.4;76.8;35.8;22
1/06/2004;1;2.1;4.7;0;3.1;11.7;;20.7;4.2;0;;5.1;15;2.5;0
1/07/2004;7;13.8;12;20.5;6.6;41;;7.5;21.8;2.7;;14.1;44;6;5.8
1/08/2004;5;29.4;;2.5;6.2;19.1;;4.7;3.3;0.6;;6.2;5.9;1;
1/09/2004;13;19;34.8;50.3;21.1;84.8;;18.4;78.7;2.9;;18.8;90.4;13.7;
1/10/2004;58;63.4;104.4;94.4;70.3;147;;64.2;86.2;22.5;;91.5;146.3;73.5;
1/11/2004;75;92.6;154.7;225.4;85.3;168;;79;61.2;16.5;;83.9;184.7;71.6;
1/12/2004;141;123.7;161.6;143.2;92.8;240.9;;100.1;103.7;32.9;;134.2;164.8;128.8;
1/01/2005;150;84.9;36.5;79.3;135.7;157.8;;92.2;98.6;59.9;;126.9;88.2;135.1;
1/02/2005;164;53.7;100.3;103.4;116.2;231.2;;56;108.3;29.7;;73.1;117.9;114.1;
1/03/2005;376;136.6;228.2;236.5;195.9;343.3;;;251.6;135.2;;205.8;313.7;285.5;
1/04/2005;33;54;47.1;69.3;55;93.1;;33;39;18.1;;81.3;65.1;46.1;
1/05/2005;1;7.2;8.1;16.5;5.8;91.6;;6;10.4;0.8;;22.1;28.1;9.1;
1/06/2005;0;4.5;0.6;0;0;53.7;;4.7;4.5;0.8;;1;12.9;4;
1/07/2005;0;0.6;0;0;1.3;0;;0.3;1.2;0;;1.4;0.6;0;
1/08/2005;0;3.5;9.2;0;0;7.1;;5.4;9.3;0;;5.6;11.5;1.5;
1/09/2005;4;31.2;20.1;39;4.3;54.4;;15;21.6;6.3;;9.2;57.4;10.6;
1/10/2005;51;92.3;148.3;250.3;66.9;152.8;;87.1;70.1;14.3;;126.3;205.1;72.2;
1/11/2005;18;30;3.4;26.6;13.7;28.6;;16.2;36.9;6.2;;13.9;55.1;24.3;
1/12/2005;107;87.8;155.1;166.7;108.1;164.8;;90.9;109.4;29.3;;153.5;137.9;109.1;
1/01/2006;151;83.2;121.5;98.5;184.1;145.5;;93.8;162.7;83.9;;91.6;125.2;156.6;
1/02/2006;216;101.6;69.8;136.1;306;188.1;;62.4;170.5;111.6;;92.1;194.3;195;
1/03/2006;481;199.3;235.6;349.8;612.8;345.7;;;347.8;228.4;;253.6;349.3;448.6;
1/04/2006;171;77.6;93.3;62.4;118.7;184.7;;71.4;78.8;66.4;;93.1;131.9;131.3;
1/05/2006;5;7.7;9.5;3.4;19.7;62.8;;6.4;21.4;0;;8;13.6;5.4;
1/06/2006;30;23.9;20.5;11.8;34.2;62;;30.6;25.8;8.6;;40.7;76.9;23.9;
1/07/2006;3;1.8;9.5;9.1;3.6;5.1;;1.1;4.4;0;;2.9;20;4.5;
1/08/2006;2;6.1;17;3.9;9.9;15.7;;3.9;17.7;4.9;;11.5;26.3;5.8;
1/09/2006;22;33.2;24.3;66.3;27.2;88.4;;55.9;39.2;8.1;;47.9;62.4;36;
1/10/2006;2;12.7;66.3;118.3;5.4;39.8;;19.2;23.3;0;;53.4;91.5;6.6;
1/11/2006;66;60.4;96.8;123.1;124.4;158.5;;74.9;104.2;22.4;;80.4;131.9;76.7;
1/12/2006;164;81.7;229.8;144.6;172.4;183.6;;106.5;163.1;79.1;;124.2;203.1;153.8;
1/01/2007;161;95.4;130.3;91.6;;240.6;;78.4;174.7;63.1;;183.9;124.7;160.9;
1/02/2007;70;17.5;70.5;17.6;101.6;64.5;;20.3;57.1;15.3;;34.2;61.3;72.3;
1/03/2007;339;182.4;321.8;275.8;367.5;352.3;;209.9;317.6;217.7;;246.5;212.9;366.8;
1/04/2007;130;111.5;175.4;122.2;170.2;226.3;;112.4;185.5;59.1;;127;145;130.8;
1/05/2007;11;29;21.7;27.6;57.3;57.7;;18.3;61.4;9.8;;50.4;51.2;13.9;
1/06/2007;0;1.4;0;3;0;1.1;;0.4;0.8;4.1;;0;0.5;1.5;
1/07/2007;0;10.7;4.7;6;5.8;42.6;;7.9;3.8;0;;6.4;35.8;1.5;
1/08/2007;5;6.4;2.4;9.9;15;20.1;;7.6;2.7;2.2;;6.9;30.3;6.2;
1/09/2007;2;11.6;26.4;20;5.9;32.8;;10.9;6.3;0;;22.2;19.1;1.6;
1/10/2007;74;118.9;186.4;215.3;113;171.8;;116.8;86.7;40.3;;142.4;183;93.9;
1/11/2007;72;97.6;114.7;152.9;;211.1;;86.8;107.1;22.2;;153.3;156.7;86.4;
1/12/2007;54;68.8;98.5;129;67.6;170.4;;73.4;68.8;34.9;;109.5;89.1;57.4;
1/01/2008;278;80.2;165.9;98.5;188.4;190.6;;92.9;132.1;96;;124.5;120.1;271;
1/02/2008;400;133.3;164;180.2;338.1;291.2;;154.9;255.4;146.5;;176;206;301.5;
1/03/2008;286;118.4;122.1;98.8;230.5;252.4;;;219.6;116.6;;151.9;186.1;229.4;
1/04/2008;204;99.1;143.4;98.7;97.5;150.3;;;145.3;38.8;;104.2;134.7;195.5;
1/05/2008;17;22.7;18.4;48.5;;76;;;35.2;4.3;;32.3;150.4;30;
1/06/2008;3;15.4;21.4;28;26;73.3;;;13.1;1.7;;31.1;23.8;5.2;
1/07/2008;0;2.3;0;11;0;16;;;5;0.9;;1.9;25.6;0.6;
1/08/2008;4;11.7;1.6;21;0.5;11;;;18.2;0;;9.5;26.3;10.6;
1/09/2008;41;34.7;68.1;21;12.3;110.9;;;65;13.6;;52.3;115.2;32.7;
1/10/2008;86;86.5;229.5;132;108.3;182.6;;;129.9;22.7;;141.3;191.9;69.4;
1/11/2008;92;66.5;74.8;142.5;50.6;133.2;;;93.3;48.5;;83;117.4;101.9;
1/12/2008;10;;28.9;38.8;44.1;66.4;;;31.6;0;;38.4;25.3;18.4;
1/01/2009;391;171.8;309.5;212.1;264;344.8;;;226.9;166;;230;244.9;333.2;
1/02/2009;251;;157.3;75.9;319.9;197.5;;;160.1;109.9;;;142.6;268.7;
1/03/2009;461;;245.1;219.6;361.6;307.3;;;232.9;136.9;;;312.8;391.8;
1/04/2009;129;;145.5;150.9;134.1;149.6;;;147.5;34.6;;;93.7;118.7;
1/05/2009;41;;44.2;71.4;30.5;114.1;;;61.2;17.5;;;139.1;46;
1/06/2009;8;;1.4;5.8;13.3;31.3;;;24.9;8.2;;;35.4;9.6;
1/07/2009;10;;13.5;6.1;21.3;18.1;;;12.7;7.4;;;46.3;14.6;
1/08/2009;0;;1.9;0;0;8;;;13.7;0.9;;;4.3;2;
1/09/2009;2;;14.4;38.2;8.3;27;;;15.3;0;;;35.7;2;
1/10/2009;73;;190.2;98.7;91;184;;;74.8;38.4;;;139.3;103.6;
1/11/2009;125;;274.1;139.5;93;187.9;;;161.9;27.6;;;162.4;114.4;
1/12/2009;142;;122.3;116;119.1;234.8;;;89.9;35.2;;;117.9;124.5;
1/01/2010;66;;46.8;84.7;120;108;;;47.3;28;;;69;81.1;
1/02/2010;230;;137.3;200.4;249.2;169.7;;;137.8;117;;;176.3;188.3;
1/03/2010;214;;202.2;166.6;282.5;275.7;;;289.4;122.7;;;144;220.4;
1/04/2010;153;;74.8;;108.8;163.5;;;103.2;47.2;;;;101.9;
1/05/2010;34;;38.4;;29.9;83.1;;;38.7;8.9;;;;42.2;
1/06/2010;5;;14.1;;;39.4;;;13.2;0.3;;;;9.6;
1/07/2010;4;;11.1;;;44.3;;;19.1;0;;;;5.2;
1/08/2010;0;;0;;;33.6;;;3.4;0;;;;0;
1/09/2010;24;;38.3;;;29.6;;;53.5;2.3;;;;16.1;
1/10/2010;16;;53.1;;;82.7;;;36.5;8;;;;21.7;
1/11/2010;43;;80.5;;;96.5;;;44.3;18.8;;;;64.3;
1/12/2010;54;;124.9;;;182.6;;;127.1;25.1;;;;62.4;
